{
  "beta_1": 0.449305203377084,
  "beta_2": 0.8288146191378907,
  "beta": [
    0.01975761396891409,
    0.013848219846776895,
    -0.6914079452865248,
    -1.2190120022207913
  ],
  "feature_names": [
    "pressure_mmhg",
    "prebreathe_min",
    "exercise_mild",
    "exercise_heavy"
  ]
}